City_ID,City,Lat,Lng,Max Temp,Humidity,Cloudiness,Wind Speed,Country,Date
0,kidal,18.4411,1.4078,22.02,13,0,4.5,ML,1737489153
1,talnakh,69.4865,88.3972,-41.87,94,50,1.0,RU,1737489154
2,balasore,21.4942,86.9317,17.71,54,0,1.53,IN,1737489155
3,namtsy,62.7161,129.6658,-19.78,100,100,0.37,RU,1737489157
4,morata de tajuna,40.2337,-3.4541,10.84,94,100,4.54,ES,1737489158
5,tiksi,71.6872,128.8694,-34.91,99,100,3.47,RU,1737489159
6,bethel,41.3712,-73.414,-7.28,42,0,3.09,US,1737489160
7,port-aux-francais,-49.35,70.2167,4.55,79,98,15.08,TF,1737489161
8,mata-utu,-13.2816,-176.1745,27.81,81,60,6.44,WF,1737489163
9,bredasdorp,-34.5322,20.0403,20.14,82,86,9.01,ZA,1737489164
10,edinburgh of the seven seas,-37.0676,-12.3116,17.99,95,100,2.73,SH,1737489165
11,port lincoln,-34.7333,135.8667,17.36,74,24,7.77,AU,1737489166
12,nuuk,64.1835,-51.7216,6.34,42,100,9.77,GL,1737488611
13,ushuaia,-54.8,-68.3,15.81,55,75,3.6,AR,1737489169
14,qusmuryn,52.4503,64.6311,-14.85,89,100,5.1,KZ,1737489170
15,yellowknife,62.456,-114.3525,-18.71,78,100,5.14,CA,1737489171
16,grytviken,-54.2811,-36.5092,2.0,67,100,5.33,GS,1737489172
17,muynoq,43.7683,59.0214,-2.84,57,3,9.19,UZ,1737489173
18,afaahiti,-17.75,-149.2833,25.99,71,12,6.47,PF,1737489175
19,sisimiut,66.9395,-53.6735,1.56,52,54,11.2,GL,1737489176
20,kodinar,20.7903,70.7031,21.02,57,0,3.24,IN,1737489177
21,anadyr,64.75,177.4833,-33.72,73,16,7.0,RU,1737489178
22,dudinka,69.4058,86.1778,-40.22,96,20,4.1,RU,1737489179
23,pisco,-13.7,-76.2167,25.03,65,0,4.63,PE,1737489181
24,alice springs,-23.7,133.8833,22.75,21,0,0.0,AU,1737489182
25,puerto natales,-51.7236,-72.4875,17.25,63,75,4.12,CL,1737489183
26,ust-nera,64.5667,143.2,-32.8,99,92,2.07,RU,1737489184
27,keflavik,64.0049,-22.5624,0.24,74,75,2.57,IS,1737489185
28,college,64.8569,-147.8028,-5.31,92,75,0.0,US,1737489186
29,greenfields,-33.0333,27.8622,20.84,88,100,7.81,ZA,1737489187
30,georgetown,5.4112,100.3354,26.96,93,20,1.54,MY,1737489017
31,west island,-12.1568,96.8225,26.99,69,40,3.09,CC,1737489190
32,jamestown,42.097,-79.2353,-11.1,50,100,6.69,US,1737488937
33,haiku-pauwela,20.9219,-156.3051,24.54,60,20,4.12,US,1737488598
34,kodinsk,58.6881,99.1844,-3.68,93,100,3.47,RU,1737489193
35,slave lake,55.2834,-114.769,-1.01,74,100,15.95,CA,1737489194
36,kimberley,-28.7323,24.7623,23.83,53,90,6.17,ZA,1737489196
37,mugia,43.1041,-9.2179,14.95,82,100,11.67,ES,1737489197
38,iqaluit,63.7506,-68.5145,-20.73,76,100,9.77,CA,1737489198
39,dumfries,38.5676,-77.328,-4.93,39,100,2.06,US,1737489199
40,jeju city,33.5097,126.5219,3.96,65,0,3.09,KR,1737489006
41,manta,-0.95,-80.7333,27.88,74,75,5.66,EC,1737489202
42,port elizabeth,-33.918,25.5701,22.16,87,100,8.75,ZA,1737489203
43,adamstown,-25.066,-130.1015,24.52,79,2,5.0,PN,1737489204
44,waitangi,-43.9535,-176.5597,15.46,78,100,0.72,NZ,1737489205
45,taltal,-25.4,-70.4833,20.81,64,1,2.18,CL,1737489206
46,baganga,7.5739,126.56,24.86,90,100,2.22,PH,1737489207
47,at taj,24.2049,23.2857,18.62,28,90,6.28,LY,1737489209
48,newman,37.3138,-121.0208,11.7,58,15,2.31,US,1737489210
49,tsiombe,-25.3,45.4833,25.22,89,7,2.55,MG,1737489211
50,santana,-0.0583,-51.1817,29.1,74,40,5.14,BR,1737489212
51,sanming,26.2486,117.6186,9.42,54,46,1.4,CN,1737489213
52,hamilton,39.1834,-84.5333,-10.75,59,100,7.72,US,1737489215
53,bilibino,68.0546,166.4372,-39.04,100,87,1.41,RU,1737489216
54,essaouira,31.5125,-9.77,19.72,55,0,6.69,MA,1737489217
55,novodvinsk,64.4165,40.8122,-7.14,96,72,2.7,RU,1737489218
56,paramonga,-10.6667,-77.8333,23.2,75,53,4.17,PE,1737489219
57,pyhajarvi,67.0701,27.2176,-13.76,93,100,1.46,FI,1737489221
58,blackmans bay,-43.0167,147.3167,12.51,89,94,1.34,AU,1737489222
59,dryden,49.7833,-92.7503,-24.84,58,75,6.69,CA,1737489223
60,stephenville,32.2207,-98.2023,0.07,34,0,2.06,US,1737489224
61,gornyak,50.9942,81.4661,-0.03,86,100,10.6,RU,1737489225
62,ancud,-41.8697,-73.8203,16.57,62,100,4.56,CL,1737489229
63,ilulissat,69.2167,-51.1,2.01,55,100,10.8,GL,1737489230
64,olonkinbyen,70.9221,-8.7187,-3.41,63,48,6.2,SJ,1737489231
65,crane,31.3974,-102.3501,-1.75,41,4,2.87,US,1737489232
66,kingston,17.997,-76.7936,30.65,62,20,9.26,JM,1737488994
67,cabo san lucas,22.8909,-109.9124,24.17,53,20,3.13,MX,1737488672
68,qaqortoq,60.7167,-46.0333,-2.48,90,98,6.04,GL,1737489236
69,dunedin,-45.8742,170.5036,14.33,90,6,1.34,NZ,1737489237
70,bonthe,7.5264,-12.505,26.74,79,100,4.49,SL,1737489238
71,qulsary,46.9531,54.0198,-7.77,82,6,6.89,KZ,1737489239
72,invercargill,-46.4,168.35,15.01,83,1,1.06,NZ,1737489241
73,aasiaat,68.7098,-52.8699,2.37,47,100,13.94,GL,1737489242
74,jabor,5.921,169.6434,26.78,85,81,9.17,MH,1737489243
75,nichinan,31.6,131.3667,6.79,67,21,1.3,JP,1737489244
76,san andres,12.5847,-81.7006,31.01,74,40,5.66,CO,1737489245
77,longyearbyen,78.2186,15.6401,-6.09,63,75,6.69,SJ,1737489247
78,ingeniero jacobacci,-41.3427,-69.5448,26.93,13,59,6.54,AR,1737489248
79,itoman,26.1247,127.6694,15.01,67,75,3.6,JP,1737489001
80,petropavlovsk-kamchatsky,53.0452,158.6483,-21.67,65,0,4.0,RU,1737489250
81,hastings,50.8552,0.5729,4.88,60,100,4.41,GB,1737489251
82,cururupu,-1.8283,-44.8683,28.12,69,61,2.33,BR,1737489253
83,butler,39.4501,-84.5666,-11.12,57,40,7.2,US,1737489254
84,grand falls-windsor,48.9332,-55.6649,-8.61,76,82,3.13,CA,1737489255
85,wailua homesteads,22.0669,-159.378,21.44,93,100,2.57,US,1737489256
86,riacho de santana,-13.6092,-42.9389,29.53,59,21,2.61,BR,1737489257
87,jinchang,38.4953,102.1739,-2.41,40,5,0.63,CN,1737489258
88,papatowai,-46.5619,169.4708,15.57,66,0,2.08,NZ,1737489260
89,lompoc,34.6391,-120.4579,19.83,49,20,3.13,US,1737489261
90,wynyard,-41.0,145.7167,15.1,71,79,1.34,AU,1737489262
91,port mathurin,-19.6833,63.4167,26.2,79,23,6.19,MU,1737489263
92,mount pearl,47.5166,-52.7813,-4.92,80,75,12.35,CA,1737489264
93,mohr,54.3528,9.7167,0.08,97,100,4.12,DE,1737489265
94,juegang,32.3174,121.1855,5.55,83,75,3.54,CN,1737489267
95,vorkuta,67.5,64.0,-33.98,100,100,0.58,RU,1737489268
96,zielona gora,51.9355,15.5064,-2.21,45,99,1.26,PL,1737489269
97,uribia,11.7139,-72.266,33.1,38,0,10.21,CO,1737489270
98,daru,-9.0763,143.2092,26.56,87,100,1.41,PG,1737489272
99,al fqih ben calah,32.5009,-6.6906,15.38,38,3,3.03,MA,1737489273
100,lexington park,38.2668,-76.4538,-6.18,45,100,2.57,US,1737489274
101,sagua la grande,22.8067,-80.0756,29.98,50,100,4.47,CU,1737489275
102,klyuchi,52.2667,79.1667,0.46,76,100,9.63,RU,1737489276
103,kathu,7.9178,98.3332,25.9,85,78,4.89,TH,1737489277
104,machico,32.7,-16.7667,18.89,77,40,3.09,PT,1737489279
105,grabouw,-34.1515,19.0151,18.73,83,53,6.4,ZA,1737489280
106,vohenstrauss,49.6238,12.3381,-3.71,93,1,0.9,DE,1737489281
107,governador dix sept rosado,-5.4589,-37.5208,30.27,56,100,5.83,BR,1737489282
108,uturoa,-16.7333,-151.4333,27.57,69,0,6.15,PF,1737489283
109,remire-montjoly,4.9167,-52.2667,24.02,94,75,4.12,GF,1737489284
110,stanley,54.868,-1.6985,4.18,96,40,0.0,GB,1737489286
111,iskushuban,10.2837,50.23,20.07,82,0,4.93,SO,1737489287
112,nasipit,8.9692,125.2947,23.82,91,100,2.75,PH,1737489288
113,happy valley-goose bay,53.3168,-60.3315,-21.83,59,20,9.26,CA,1737489289
114,puerto ayora,-0.7393,-90.3518,26.42,88,66,2.24,EC,1737489290
115,skagen,57.7209,10.5839,4.24,93,100,3.85,DK,1737489291
116,fuling,29.7022,107.3919,12.28,82,100,1.05,CN,1737489293
117,rio grande,-32.035,-52.0986,24.17,75,18,5.46,BR,1737489294
118,santa rosalia,27.3167,-112.2833,16.42,35,24,7.92,MX,1737489295
119,alaghsas,17.0187,8.0168,22.42,19,0,7.96,NE,1737489296
120,fale old settlement,-9.3852,-171.2468,27.95,81,45,7.84,TK,1737489297
121,kodiak,57.79,-152.4072,4.73,93,100,5.14,US,1737489298
122,sitka,57.0531,-135.33,1.94,93,75,2.06,US,1737489202
123,saipan,15.1355,145.701,26.39,78,20,3.09,MP,1737489301
124,whitehorse,60.7161,-135.0538,-12.57,92,20,0.0,CA,1737489112
125,argo,37.6333,22.7333,10.19,82,88,2.16,GR,1737489303
126,ta`u,-14.2336,-169.5144,28.33,73,96,8.27,AS,1737489304
127,khorixas,-20.3667,14.9667,19.96,54,82,5.41,NA,1737489306
128,east london,-33.0153,27.9116,21.42,87,100,8.15,ZA,1737489307
129,nizhniy ingash,56.2,96.53,-4.52,86,93,2.27,RU,1737489308
130,shagonar,51.5333,92.8,-20.93,99,100,1.6,RU,1737489309
131,hermanus,-34.4187,19.2345,21.56,79,81,9.72,ZA,1737489310
132,touros,-5.1989,-35.4608,28.05,71,73,5.31,BR,1737489311
133,nova vicosa,-17.8919,-39.3719,28.94,71,95,6.17,BR,1737489313
134,ribeira grande,38.5167,-28.7,14.32,58,40,4.63,PT,1737489314
135,menongue,-14.6585,17.691,17.3,83,100,1.83,AO,1737489315
136,hawaiian paradise park,19.5933,-154.9731,24.94,73,0,0.45,US,1737489316
137,mossel bay,-34.1831,22.146,20.96,85,60,11.72,ZA,1737489318
138,san ignacio,17.1561,-89.0714,26.08,83,40,3.09,BZ,1737489320
139,colares,38.7992,-9.4469,17.41,83,75,7.2,PT,1737489321
140,estevan,49.1334,-102.9842,-2.1,80,100,11.32,CA,1737489322
141,taulaga,-11.0553,-171.0883,28.18,80,22,8.05,AS,1737489323
142,huai khot,15.2909,99.6166,19.76,47,100,1.74,TH,1737489324
143,albany,42.6001,-73.9662,-8.64,46,99,1.79,US,1737489326
144,st. john's,47.5649,-52.7093,-4.46,71,75,12.35,CA,1737489327
145,hithadhoo,-0.6,73.0833,27.07,78,100,3.51,MV,1737489328
146,tatsinskiy,48.1968,41.2756,-0.95,67,21,2.98,RU,1737489329
147,mangrol,21.1167,70.1167,21.07,48,0,4.09,IN,1737489330
148,konotop,51.2403,33.2026,-0.58,87,100,3.37,UA,1737489331
149,alem paraiba,-21.8878,-42.7044,32.83,67,0,1.12,BR,1737489333
150,taveta,-3.3963,37.6736,22.9,64,78,2.04,KE,1737489335
151,lihue,21.9789,-159.3672,21.77,83,100,2.57,US,1737489336
152,atafu village,-8.5421,-172.5159,27.41,81,65,6.01,TK,1737489337
153,old town,50.087,14.4202,-0.02,88,100,1.03,CZ,1737489338
154,constitucion,-35.3333,-72.4167,19.65,68,19,7.09,CL,1737489339
155,labrador city,52.9463,-66.9114,-28.79,58,75,10.73,CA,1737489342
156,paracale,14.2804,122.7881,23.89,91,100,6.55,PH,1737489343
157,bahia de kino,28.8333,-111.9333,18.65,27,94,6.72,MX,1737489344
158,porto seguro,-16.4497,-39.0647,29.29,70,40,5.14,BR,1737489345
159,san patricio,28.017,-97.5169,0.97,65,91,7.23,US,1737489347
160,codrington,-38.2667,141.9667,16.35,72,100,6.84,AU,1737489348
161,ebon,4.582,168.6964,26.91,82,99,7.46,MH,1737489349
162,korla,41.7597,86.1469,-6.97,82,53,0.84,CN,1737489350
163,roxas,11.5853,122.7511,25.49,91,100,5.24,PH,1737489351
164,boyolangu,-8.1181,111.8935,23.58,96,100,1.13,ID,1737489353
165,udachny,66.4167,112.4,-27.5,99,100,1.16,RU,1737489354
166,ciudad lazaro cardenas,17.9583,-102.2,27.88,47,5,4.08,MX,1737489355
167,dinghaicun,26.2847,119.7936,11.85,81,99,6.53,CN,1737489356
168,puerto baquerizo moreno,-0.9,-89.6,27.55,69,40,6.17,EC,1737489359
169,sakakah,29.9697,40.2064,8.76,39,0,3.56,SA,1737489360
170,raduzhny,62.0961,77.475,-15.63,96,100,6.11,RU,1737489361
171,hirara,24.8,125.2833,18.15,59,75,3.6,JP,1737489362
172,ramamangalam,9.9334,76.5,22.83,90,3,1.46,IN,1737489363
173,saldanha,-33.0117,17.9442,27.03,77,25,3.96,ZA,1737488978
174,strathalbyn,-35.2667,138.9,15.47,88,99,5.62,AU,1737489366
175,la ronge,55.1001,-105.2842,-4.88,79,100,2.57,CA,1737489367
176,akranes,64.3218,-22.0749,0.03,62,6,4.47,IS,1737489368
177,nikolayevsk-on-amure,53.1406,140.73,-21.49,98,73,1.73,RU,1737489369
178,hailun,47.45,126.9333,-23.3,100,45,2.0,CN,1737489370
179,kismayo,-0.3582,42.5454,24.89,86,100,5.88,SO,1737488911
180,geraldton,-28.7667,114.6,26.23,78,86,4.12,AU,1737489374
181,soria,41.6667,-2.6667,6.73,99,100,3.41,ES,1737489375
182,susuman,62.7833,148.1667,-44.87,100,88,0.09,RU,1737489376
183,hammerfest,70.6634,23.6821,-9.75,73,30,7.72,NO,1737488957
184,oum hadjer,13.2954,19.6966,28.11,16,0,4.43,TD,1737489379
185,argostolion,38.1811,20.489,12.08,58,100,3.03,GR,1737489380
186,bafoulabe,13.8065,-10.8321,29.08,11,15,1.4,ML,1737489381
187,thunder bay,48.4001,-89.3168,-19.01,38,20,4.12,CA,1737489382
188,hechuan,29.9947,106.2572,11.6,84,100,0.69,CN,1737489383
189,muang khong,14.1167,105.85,15.89,61,55,0.88,LA,1737489385
190,floro,61.5996,5.0328,2.98,93,75,2.57,NO,1737489386
191,noyabrsk,63.1994,75.4507,-25.71,97,100,12.13,RU,1737489387
192,kayyerkan,69.3786,87.7439,-41.11,94,47,2.12,RU,1737489388
193,badr hunayn,23.7829,38.7905,24.56,19,0,5.16,SA,1737489390
194,sofifi,0.7349,127.576,26.34,85,100,2.53,ID,1737489391
195,marsh harbour,26.5412,-77.0636,24.38,79,99,5.55,BS,1737489392
196,las tablas,7.7667,-80.2833,30.14,62,1,2.92,PA,1737489393
197,mitsamiouli,-11.3847,43.2844,27.78,80,67,3.33,KM,1737489394
198,djibo,14.1022,-1.6306,25.27,10,0,3.77,BF,1737489395
199,tuni,17.35,82.55,17.74,83,5,1.7,IN,1737489397
200,yonezawa,37.9167,140.1167,-1.29,97,89,0.64,JP,1737489398
201,namie,37.4833,141.0,2.77,82,24,3.85,JP,1737489206
202,sigli,5.3848,95.9609,25.5,84,100,2.26,ID,1737489400
203,ambatofinandrahana,-20.55,46.8,17.74,90,91,1.86,MG,1737489402
204,coahuayana de hidalgo,18.7,-103.6583,31.95,34,0,3.31,MX,1737489403
205,aigio,38.2486,22.0819,12.34,84,7,3.8,GR,1737489405
206,sur,22.5667,59.5289,20.9,56,0,3.93,OM,1737489406
207,saint-joseph,-21.3667,55.6167,26.21,80,74,3.69,RE,1737489407
208,tazovsky,67.4667,78.7,-38.63,96,55,4.56,RU,1737489408
209,ploudalmezeau,48.5333,-4.65,4.21,93,100,1.03,FR,1737489409
210,kiunga,-6.1219,141.2906,22.21,99,86,0.89,PG,1737489411
211,znamenskoye,57.1281,73.8282,-2.69,97,100,3.66,RU,1737489412
212,makubetsu,45.3714,141.8211,-8.3,88,83,2.19,JP,1737489413
213,idrinskoye,54.3708,92.1358,-6.72,94,100,1.85,RU,1737489414
214,goure,13.9835,10.2704,23.64,19,0,4.74,NE,1737489415
215,khash,28.2211,61.2158,6.61,63,1,2.46,IR,1737489417
216,woolgoolga,-30.1106,153.2007,19.93,89,12,4.39,AU,1737489418
217,yuzhno-kurilsk,44.0306,145.8556,-5.03,77,76,0.38,RU,1737489419
218,jayrud,33.8074,36.7404,7.65,56,1,0.97,SY,1737489420
219,avarua,-21.2078,-159.775,29.03,84,20,1.54,CK,1737489421
220,kill devil hills,36.0307,-75.676,-0.57,68,100,6.69,US,1737488974
221,hauterive,46.0901,3.4459,7.43,76,100,3.66,FR,1737489424
222,hamina,60.5697,27.1979,-5.38,93,100,10.79,FI,1737489425
223,noshiro,40.2039,140.0242,0.72,96,69,2.55,JP,1737489426
224,hola,51.5377,23.1902,2.24,77,100,1.18,PL,1737489430
225,new norfolk,-42.7826,147.0587,13.17,79,100,0.87,AU,1737488906
226,coquimbo,-29.9533,-71.3436,21.85,63,0,6.69,CL,1737489433
227,bhimunipatnam,17.8833,83.4333,16.73,71,5,2.09,IN,1737489434
228,isafjordur,66.0755,-23.124,-5.2,83,22,3.66,IS,1737489435
229,shakawe,-18.3667,21.85,20.39,95,100,1.68,BW,1737489436
230,namanga,-2.5433,36.7905,20.49,65,96,2.97,KE,1737489437
231,sarangani,5.4033,125.4636,28.28,75,100,9.75,PH,1737489438
232,xichang,27.8964,102.2634,7.61,77,0,0.81,CN,1737489440
233,sydney,-33.8679,151.2073,20.4,84,43,2.23,AU,1737488705
234,hotan,37.0997,79.9269,-2.04,43,2,1.54,CN,1737489442
235,weno,7.4515,151.8468,28.97,79,75,4.12,FM,1737489443
236,bardai,11.65,7.2333,24.11,20,3,4.08,NG,1737489444
237,aguas vermelhas,-15.7472,-41.46,26.13,70,88,0.88,BR,1737489445
238,bamboo flat,11.7,92.7167,23.72,78,100,1.94,IN,1737489446
239,carnarvon,-24.8667,113.6333,26.41,78,43,9.08,AU,1737489448
240,margaret river,-33.95,115.0667,23.86,67,100,3.31,AU,1737489169
241,east ballina,-28.8667,153.5833,21.67,91,100,2.03,AU,1737489450
242,minas de marcona,-15.2119,-75.1103,21.9,57,24,7.14,PE,1737489451
243,enewetak,11.3474,162.3373,27.02,84,53,10.34,MH,1737489452
244,vorgashor,67.5833,63.95,-33.04,100,99,0.73,RU,1737489454
245,al kut,32.5147,45.819,12.56,41,0,4.37,IQ,1737489455
246,charters towers,-20.1,146.2667,23.74,90,26,2.8,AU,1737489456
247,annau,37.8876,58.516,3.72,70,75,2.06,TM,1737489457
248,cannonvale,-20.2833,148.7,26.66,83,27,1.11,AU,1737489458
249,montepuez,-13.1256,38.9997,21.58,97,100,0.6,MZ,1737489461
250,waingapu,-9.6567,120.2641,25.28,84,100,2.58,ID,1737489462
251,plastun,44.7561,136.2939,-8.77,82,100,1.99,RU,1737489463
252,wangjing,24.6,94.0333,7.96,84,0,0.43,IN,1737489464
253,sola,-13.8833,167.55,28.57,75,19,4.26,VU,1737489465
254,watertown,42.3709,-71.1828,-6.36,46,100,6.69,US,1737489467
255,tyuratam,45.6507,63.3156,-5.38,73,57,9.6,KZ,1737489468
256,terenozek,45.05,64.9833,-2.49,78,100,9.44,KZ,1737489469
257,rafraf,37.1904,10.1837,14.33,63,100,2.81,TN,1737489470
258,taroa,8.7058,171.2275,26.24,80,100,9.33,MH,1737489471
259,mpika,-11.8343,31.4529,16.23,98,100,2.91,ZM,1737489473
260,nouadhibou,20.931,-17.0347,19.99,73,0,5.66,MR,1737489474
261,palangkaraya,-2.2,113.8333,22.36,98,97,0.82,ID,1737489475
262,qal'ah-ye shahr,35.5473,65.5676,-11.6,87,91,3.19,AF,1737489476
263,rawlins,41.7911,-107.2387,-8.69,35,0,6.17,US,1737489477
264,granada,37.25,-3.25,10.72,56,77,4.27,ES,1737489419
265,santarem,-2.4431,-54.7083,32.07,58,40,4.12,BR,1737489480
266,tejen,37.3834,60.5054,5.24,72,54,2.36,TM,1737489481
267,howrah,22.5892,88.3103,19.0,82,0,0.0,IN,1737489482
268,kununurra,-15.7667,128.7333,26.99,94,99,3.6,AU,1737489483
269,zayed city,24.3768,54.589,22.22,54,20,6.17,AE,1737489484
270,constantia,44.1833,28.65,6.5,86,100,4.27,RO,1737489485
271,jagdalpur,19.0667,82.0333,13.9,31,27,1.0,IN,1737489487
272,umred,20.85,79.3333,18.43,37,1,1.45,IN,1737489488
273,zahedan,29.4963,60.8629,5.95,81,75,5.14,IR,1737489489
274,tashtagol,52.7657,87.8894,-3.24,94,100,1.31,RU,1737489490
275,lebu,-37.6167,-73.65,16.91,71,0,5.76,CL,1737489491
276,hobyo,5.3505,48.5268,24.48,83,8,6.75,SO,1737489493
277,aral,40.5156,81.2636,-4.58,54,6,1.73,CN,1737489494
278,fort mcmurray,56.7268,-111.381,-1.23,86,100,6.17,CA,1737489495
279,lerwick,60.1545,-1.1494,7.1,86,99,1.52,GB,1737489496
280,yorkton,51.2167,-102.4677,-7.09,79,100,6.23,CA,1737489497
281,lewistown,40.5992,-77.5714,-8.33,70,0,4.12,US,1737489498
282,iskateley,67.6803,53.1512,-17.12,94,92,4.14,RU,1737489500
283,kandyagash,49.4744,57.4233,-13.85,90,100,8.42,KZ,1737489501
284,broken hill,-31.95,141.4333,17.98,69,89,8.41,AU,1737489502
285,ende,-8.8432,121.6623,23.32,91,100,0.52,ID,1737489503
286,chibougamau,49.9168,-74.3659,-26.21,70,75,3.6,CA,1737489506
287,urucara,-2.5364,-57.76,29.62,62,68,1.97,BR,1737489507
288,tolanaro,-25.0319,46.9987,27.04,83,20,5.14,MG,1737489508
289,klaksvik,62.2266,-6.589,5.7,79,98,4.18,FO,1737489509
290,ilhabela,-23.7781,-45.3581,29.56,73,100,2.99,BR,1737489510
291,alupka,44.4167,34.05,6.7,88,100,6.24,UA,1737489410
292,acarau,-2.8856,-40.12,27.79,72,23,5.2,BR,1737489513
293,labytnangi,66.6572,66.4183,-32.78,98,99,1.39,RU,1737489390
294,fort-shevchenko,44.5086,50.263,1.2,66,8,4.86,KZ,1737489515
295,gadzhiyevo,69.2551,33.3362,-18.68,100,100,3.69,RU,1737489517
296,rampur,28.8167,79.0333,13.34,46,1,3.58,IN,1737489518
297,nova sintra,14.8667,-24.7167,21.89,78,16,9.73,CV,1737489519
298,punta arenas,-53.15,-70.9167,14.06,72,100,3.6,CL,1737489520
299,wesselsbron,-27.8549,26.3658,24.19,37,82,2.13,ZA,1737489521
300,zouerate,22.7187,-12.4521,19.49,13,0,1.58,MR,1737489523
301,utrik,11.2278,169.8474,26.31,83,63,10.34,MH,1737489525
302,kapuskasing,49.4169,-82.4331,-23.95,58,0,4.63,CA,1737489526
303,rosarito,32.3333,-117.0333,21.51,13,12,8.5,MX,1737489221
304,al jawf,29.5,38.75,9.74,43,84,4.79,SA,1737489529
305,vilyuysk,63.7553,121.6247,-14.27,98,100,1.03,RU,1737489530
306,huntingdon,52.3305,-0.1865,2.74,91,100,2.38,GB,1737489531
307,lakatoro,-16.0999,167.4164,28.68,80,100,2.72,VU,1737489532
308,callao,-12.0667,-77.15,22.16,78,40,3.09,PE,1737489533
309,bembereke,10.2283,2.6634,28.63,20,1,1.69,BJ,1737489535
310,karratha,-20.7377,116.8463,28.07,72,100,1.71,AU,1737489536
311,port alfred,-33.5906,26.891,21.77,89,100,3.58,ZA,1737489537
312,ardakan,32.31,54.0175,5.25,50,2,2.0,IR,1737489538
313,narman,40.3465,41.8703,-7.98,63,0,3.64,TR,1737489539
314,ampanihy,-24.7,44.75,24.39,84,29,1.89,MG,1737489540
315,paciran,-6.8767,112.3761,24.49,94,100,3.62,ID,1737489542
316,witu,-2.3889,40.4382,23.77,88,64,4.33,KE,1737489543
317,alofi,-19.0595,-169.9187,27.94,89,95,2.06,NU,1737489544
318,altai,46.3722,96.2583,-11.39,46,37,1.24,MN,1737489545
319,birao,10.2849,22.7882,26.14,18,4,2.55,CF,1737489547
320,bagneres-de-bigorre,43.0667,0.15,5.83,87,100,1.03,FR,1737489548
321,nuku'alofa,-21.1333,-175.2,27.19,94,40,1.03,TO,1737489549
322,tobol,52.6844,62.5794,-15.7,91,97,3.73,KZ,1737489551
323,quellon,-43.1167,-73.6167,16.45,62,97,1.8,CL,1737489552
324,san sebastian de la gomera,28.0916,-17.1133,19.2,72,40,5.14,ES,1737489553
325,pointe-noire,-4.7761,11.8635,25.25,86,98,1.23,CG,1737489554
326,pangody,65.85,74.4859,-34.35,94,100,7.67,RU,1737489557
327,saint-philippe,-21.3585,55.7679,25.97,82,67,3.94,RE,1737489558
328,ghat,24.9647,10.1728,12.94,27,0,0.57,LY,1737489559
329,shakhtinsk,49.71,72.5872,-3.93,94,100,12.93,KZ,1737489561
330,myitkyina,25.3833,97.4,14.88,81,0,1.43,MM,1737489562
331,okhotsk,59.3833,143.3,-24.3,76,7,5.22,RU,1737489563
332,tura,25.5198,90.2201,13.78,80,0,1.61,IN,1737489564
333,alotau,-10.3069,150.4462,26.05,91,49,1.74,PG,1737489567
334,badger,64.8,-147.5333,-5.36,93,75,0.0,US,1737489568
335,berezovyy,51.6667,135.7,-21.58,94,6,1.51,RU,1737489569
336,tomohon,1.3346,124.8392,17.97,96,100,0.4,ID,1737489570
337,dzhetygara,52.1908,61.2006,-12.01,81,99,8.24,KZ,1737489571
338,soio,-6.1349,12.3689,25.54,84,96,1.89,AO,1737489573
339,gulf shores,30.246,-87.7008,-3.33,80,100,2.68,US,1737489574
340,nantucket,41.2835,-70.0995,-2.94,50,75,6.8,US,1737489575
341,jackson,42.4165,-122.8345,1.93,64,0,0.0,US,1737489519
342,san antonio de pale,-1.4014,5.6325,26.76,75,99,2.76,GQ,1737489578
343,tshabong,-26.05,22.45,29.08,36,86,4.95,BW,1737489580
344,revda,56.801,59.9303,-21.46,89,100,4.32,RU,1737489581
345,cidade velha,14.9167,-23.6167,23.26,68,20,6.69,CV,1737489582
346,tukrah,32.5341,20.5791,14.96,68,2,2.12,LY,1737489583
347,rabaul,-4.1967,152.1721,26.29,78,31,1.93,PG,1737489584
348,thompson,55.7435,-97.8558,-20.91,65,75,1.54,CA,1737489586
349,cidreira,-30.1811,-50.2056,27.77,61,3,7.02,BR,1737489587
350,carbonear,47.7332,-53.2148,-4.92,63,100,12.1,CA,1737489588
351,wladyslawowo,54.7909,18.4009,2.74,87,100,3.0,PL,1737489589
352,tendukheda,23.4,79.55,16.63,62,0,0.28,IN,1737489591
353,tobelo,1.7284,128.0095,26.09,87,100,1.4,ID,1737489592
354,gaiman,-43.2897,-65.4929,23.11,47,97,8.3,AR,1737489593
355,yamada,39.4667,141.95,1.88,100,100,1.86,JP,1737489594
356,chonchi,-42.6128,-73.8092,18.59,52,100,0.45,CL,1737489595
357,shalqar,47.8333,59.6,-12.43,87,79,9.49,KZ,1737489597
358,cervantes,-39.05,-67.3833,35.44,6,6,8.96,AR,1737489598
359,mount isa,-20.7333,139.5,22.87,73,1,0.0,AU,1737489599
360,salinopolis,-0.6136,-47.3561,27.02,78,100,3.8,BR,1737489600
361,saint-pierre,-21.3393,55.4781,26.82,74,40,1.54,RE,1737489601
362,antonio enes,-16.2325,39.9086,25.1,91,100,2.96,MZ,1737489603
363,inari,68.906,27.0288,-13.47,91,100,2.09,FI,1737489604
364,arraial do cabo,-22.9661,-42.0278,32.92,52,40,2.06,BR,1737489605
365,puerto colombia,10.9878,-74.9547,33.05,67,0,2.83,CO,1737489606
366,lata,40.1629,-8.3327,15.27,79,100,3.38,PT,1737489607
367,selkirk,50.1436,-96.8845,-18.23,80,100,7.15,CA,1737489608
368,charles city,43.0664,-92.6724,-14.45,43,0,5.14,US,1737489610
369,alamos,27.0167,-108.9333,25.43,12,100,2.37,MX,1737489611
370,huizhou,23.0833,114.4,15.44,68,81,0.95,CN,1737489612
371,urangan,-25.3,152.9,25.81,77,46,6.32,AU,1737489613
372,kralendijk,12.15,-68.2667,29.99,66,75,9.26,BQ,1737489615
373,mirnyy,62.5353,113.9611,-9.76,93,97,3.45,RU,1737489616
374,loreto,22.2667,-101.9667,21.98,14,5,6.94,MX,1737489617
375,luderitz,-26.6481,15.1594,17.83,88,0,2.61,NA,1737489618
376,mirny,62.5353,113.9611,-9.76,93,97,3.45,RU,1737489616
377,port shepstone,-30.7414,30.455,23.06,84,100,3.51,ZA,1737489621
378,wenling,28.3669,121.36,7.91,83,48,1.66,CN,1737489622
379,eraan,9.0629,117.7016,25.48,85,100,1.71,PH,1737489623
380,nemuro,43.3236,145.575,-2.34,65,22,2.48,JP,1737489624
381,arkhangel'sk,64.5401,40.5433,-6.94,86,100,4.0,RU,1737489581
382,porto novo,6.4965,2.6036,27.9,83,84,3.93,BJ,1737489627
383,mendi,-6.1761,143.6513,11.68,96,100,1.88,PG,1737489628
384,north vernon,39.0062,-85.6236,-11.83,46,77,5.99,US,1737489629
385,christchurch,-43.5333,172.6333,18.28,86,97,1.03,NZ,1737489035
386,huntington,38.4193,-82.4452,-5.92,61,100,3.13,US,1737489631
387,nago,26.5881,127.9761,14.11,69,0,3.26,JP,1737489633
388,fuglafjordur,62.244,-6.814,4.69,80,100,2.48,FO,1737489634
389,port macquarie,-31.4333,152.9167,18.37,96,17,0.89,AU,1737489635
390,paranhos,-23.8928,-55.4311,32.23,42,82,3.36,BR,1737489636
391,sumbawa besar,-8.5,117.4333,23.22,96,100,1.78,ID,1737489639
392,kideksha,56.4167,40.5167,-10.29,89,100,2.47,RU,1737489640
393,maun,-19.9833,23.4167,21.71,87,100,1.32,BW,1737489641
394,tripoli,32.8752,13.1875,14.47,48,0,4.23,LY,1737489642
395,port-vila,-17.7338,168.3219,23.78,100,75,1.03,VU,1737489643
396,hadibu,12.65,54.0333,22.67,78,25,5.14,YE,1737489644
397,sovetskaya gavan',48.9723,140.2878,-18.04,95,12,1.73,RU,1737489646
398,nyurba,63.2842,118.3319,-10.83,95,99,2.59,RU,1737489647
399,tonala,20.6167,-103.2333,23.68,17,0,4.12,MX,1737489421
400,pacific grove,36.6177,-121.9166,17.42,71,41,4.13,US,1737489649
401,isangel,-19.55,169.2667,28.04,77,49,1.93,VU,1737489650
402,laojunmiao,39.8333,97.7333,-2.13,31,80,3.92,CN,1737489651
403,tosontsengel,48.7567,98.2839,-23.74,91,65,0.17,MN,1737489654
404,guiratinga,-16.3494,-53.7583,26.58,72,27,2.16,BR,1737489655
405,santyoku,37.4406,129.1708,2.82,56,0,3.31,KR,1737489656
406,radzyn podlaski,51.7833,22.6167,2.69,81,100,1.99,PL,1737489658
407,wicklow,53.0,-6.4167,0.93,91,77,0.56,IE,1737489659
408,abadiania,-16.2042,-48.7069,22.51,81,88,0.96,BR,1737489660
409,luco dei marsi,41.957,13.4736,5.66,85,31,0.5,IT,1737489661
410,dipayal,29.2608,80.94,17.32,43,0,1.71,NP,1737489662
411,trenggalek,-8.05,111.7167,23.32,97,100,0.64,ID,1737489663
412,hancheng,32.5186,112.3522,7.21,38,66,5.27,CN,1737489665
413,imbituba,-28.24,-48.6703,26.8,61,3,3.17,BR,1737489666
414,port saint john's,-31.6229,29.5448,21.96,90,94,4.19,ZA,1737489667
415,patong,7.8961,98.2966,26.08,86,79,4.85,TH,1737489670
416,norman gardens,-23.3224,150.5393,23.29,70,0,0.0,AU,1737489672
417,bad bergzabern,49.1025,8.0009,-0.91,84,45,1.58,DE,1737489673
418,port augusta,-32.5,137.7667,18.81,71,29,8.96,AU,1737489674
419,yaren,-0.5472,166.916,27.64,69,98,7.91,NR,1737489676
420,melfi,40.9965,15.6514,4.74,92,8,2.59,IT,1737489677
421,kristiansund,63.1115,7.732,3.4,93,75,2.06,NO,1737489678
422,broome,42.2506,-75.833,-9.18,48,100,0.89,US,1737489679
423,lamar,33.6668,-95.5836,-2.28,31,0,4.12,US,1737489680
424,saudarkrokur,65.7461,-19.6394,-6.92,83,7,4.99,IS,1737489681
425,colonia,50.9333,6.95,2.75,78,0,2.57,DE,1737489683
426,shumikha,55.2261,63.2961,-22.86,89,21,6.18,RU,1737489684
427,warman,52.3168,-106.5679,-2.05,68,20,10.29,CA,1737489685
428,beauvais,49.4167,2.0,-0.21,98,100,1.54,FR,1737489686
429,saveh,35.0213,50.3566,4.87,42,0,1.79,IR,1737489687
430,cavalaire-sur-mer,43.174,6.5272,11.21,83,100,6.13,FR,1737489688
431,inzhavino,52.3185,42.4937,-9.11,82,20,2.33,RU,1737489690
432,domna,51.8971,113.1573,-26.91,76,86,0.0,RU,1737489691
433,xilin hot,43.9667,116.0333,-18.12,93,5,2.11,CN,1737489693
434,nakamura,32.9833,132.9333,3.11,92,0,1.49,JP,1737489695
435,marsabit,2.3284,37.9899,21.3,41,0,3.3,KE,1737489696
436,galle,6.0367,80.217,25.22,87,80,1.36,LK,1737489697
437,thanh hoa,19.8,105.7667,14.58,91,67,1.09,VN,1737489652
438,vadso,70.0744,29.7487,-8.91,86,40,4.12,NO,1737489699
439,thakhek,17.4103,104.8307,14.04,80,74,1.34,LA,1737489700
440,lake havasu city,34.4839,-114.3224,12.73,9,0,6.17,US,1737489586
441,aboisso,5.4678,-3.2071,26.54,78,38,2.61,CI,1737489703
442,bodaybo,57.8506,114.1933,-15.01,95,100,1.05,RU,1737489704
443,bandarbeyla,9.4942,50.8122,23.47,79,17,9.53,SO,1737489705
444,severo-yeniseyskiy,60.3725,93.0408,-4.4,90,100,4.39,RU,1737489706
445,karatau,43.1667,70.4667,1.72,91,96,11.8,KZ,1737489708
446,moussoro,13.6408,16.4901,25.97,11,0,5.18,TD,1737489709
447,tual,-5.6667,132.75,26.7,82,100,3.65,ID,1737489710
448,khandyga,62.6667,135.6,-15.27,97,100,1.34,RU,1737489711
449,kirensk,57.7853,108.1119,-10.08,95,100,1.82,RU,1737489712
450,flores,16.9226,-89.8994,28.58,61,82,0.28,GT,1737489713
451,twon-brass,4.3151,6.2418,27.92,80,11,6.03,NG,1737489715
452,xunchang,28.4543,104.715,9.28,91,100,0.28,CN,1737489716
453,barah,13.7,30.3667,23.59,16,28,4.55,SD,1737489717
454,eilat,29.5581,34.9482,16.91,45,0,4.12,IL,1737489718
455,aykhal,66.0,111.5,-23.76,100,100,0.73,RU,1737489719
456,gbarnga,6.9956,-9.4722,26.37,65,100,2.62,LR,1737489720
457,namibe,-15.1961,12.1522,22.25,76,100,4.65,AO,1737489722
458,dalby,-27.1833,151.2667,22.45,82,60,5.91,AU,1737489723
459,harstad,68.799,16.5293,-6.03,66,100,1.79,NO,1737489724
460,margate,51.3813,1.3862,1.6,93,100,3.58,GB,1737489725
461,ketchikan,55.3422,-131.6461,4.43,98,98,0.45,US,1737489728
462,vilyuchinsk,52.9306,158.4028,-20.85,85,1,4.46,RU,1737489729
463,pedernales,18.0384,-71.744,31.19,38,2,6.17,DO,1737489730
464,vila do maio,15.1333,-23.2167,22.36,72,7,5.99,CV,1737489731
465,yeppoon,-23.1333,150.7333,24.05,90,0,2.49,AU,1737489732
466,salina cruz,16.1667,-95.2,29.46,48,1,12.08,MX,1737489734
467,bowen,-20.0167,148.2333,27.16,79,70,1.57,AU,1737489735
468,grand-bassam,5.2118,-3.7388,28.98,80,0,3.81,CI,1737489736
469,flying fish cove,-10.4217,105.6791,22.82,100,97,1.54,CX,1737489738
470,murghob,38.1702,73.9667,-24.27,93,100,1.45,TJ,1737489739
471,magadan,59.5667,150.8,-26.32,81,5,2.36,RU,1737489624
472,urumqi,43.801,87.6005,-15.47,85,75,2.0,CN,1737489606
473,el granada,37.5027,-122.4694,15.94,37,0,3.09,US,1737489744
474,tondano,1.3038,124.9112,18.82,97,100,0.71,ID,1737489746
475,gantang,26.92,119.6333,9.9,73,99,1.29,CN,1737489747
476,sirte,31.2089,16.5887,14.61,53,1,1.27,LY,1737489748
477,hasaki,35.7333,140.8333,10.3,66,100,9.97,JP,1737489749
478,usogorsk,63.4106,48.6872,-30.13,94,5,1.58,RU,1737489750
479,magong,23.5654,119.5863,16.9,85,4,9.96,TW,1737489752
480,tindouf,27.6711,-8.1474,19.25,18,0,3.09,DZ,1737489753
481,caibarien,22.5206,-79.4669,25.89,79,43,5.55,CU,1737489754
482,santa vitoria do palmar,-33.5189,-53.3681,23.09,79,68,4.35,BR,1737489755
483,calabozo,8.9242,-67.4293,30.25,45,100,4.28,VE,1737489756
484,ilebo,-4.3167,20.5833,23.33,82,57,0.81,CD,1737489757
485,hovd,48.0056,91.6419,-14.09,78,91,1.68,MN,1737489759
486,nagqu,31.5,92.0,-8.52,36,0,1.9,CN,1737489760
487,kailua-kona,19.6406,-155.9956,24.6,75,39,0.89,US,1737489761
488,chinhoyi,-17.3667,30.2,18.7,98,100,1.33,ZW,1737489762
489,lucas,41.6501,-83.6666,-12.93,49,100,7.2,US,1737489763
490,gaspe,48.8334,-64.4819,-15.88,43,20,10.8,CA,1737489764
491,inongo,-1.95,18.2667,22.82,91,100,2.33,CD,1737489766
492,raduzhnyy,62.0961,77.475,-15.63,96,100,6.11,RU,1737489767
493,hsinchu,24.8036,120.9686,17.72,66,0,0.45,TW,1737489768
494,iranshahr,27.2025,60.6848,13.19,47,0,2.06,IR,1737489769
495,santa barbara,34.7333,-120.0343,16.79,32,50,2.84,US,1737489570
496,angra do heroismo,38.65,-27.2167,14.34,67,75,9.7,PT,1737489772
497,kruisfontein,-34.0033,24.7314,18.93,87,100,6.09,ZA,1737489773
498,bitkine,11.9801,18.2138,27.69,16,0,3.27,TD,1737489774
499,darhan,49.4867,105.9228,-22.98,99,20,1.51,MN,1737489775
500,bull savanna,17.8868,-77.5902,26.35,67,93,9.45,JM,1737489776
501,el bauga,18.262,33.9081,22.96,21,0,5.77,SD,1737489778
502,dunbar,38.3606,-81.7374,-5.62,56,75,3.13,US,1737489779
503,shimoda,34.6667,138.95,8.73,67,100,3.99,JP,1737489780
504,harper,4.375,-7.7169,26.66,78,0,2.87,LR,1737489781
505,gisborne,-38.6533,178.0042,16.59,94,100,7.8,NZ,1737489782
506,la'ie,21.6477,-157.9253,25.53,65,36,4.02,US,1737489784
507,ngereklmadel,7.4883,134.4856,27.05,89,75,3.09,PW,1737489786
508,cockburn town,21.4612,-71.1419,25.31,84,100,8.67,TC,1737489787
509,peniche,39.3558,-9.3811,17.34,92,100,9.76,PT,1737489788
510,hami,42.8,93.45,-4.58,46,96,2.11,CN,1737489790
511,bismarck,46.8083,-100.7837,-2.52,49,75,7.2,US,1737489791
512,kurakhovo,47.9852,37.2821,-0.16,81,98,3.48,UA,1737489792
513,frontera,26.9333,-101.45,1.85,69,60,1.34,MX,1737489793
514,dauphin,51.1494,-100.0502,-11.92,72,100,5.14,CA,1737489794
515,alo,6.5486,4.2686,26.7,85,31,2.95,NG,1737489796
516,moyale,3.5167,39.0584,22.34,32,1,4.34,KE,1737489797
517,portland,45.5234,-122.6762,6.2,69,100,1.34,US,1737489399
518,sinop,41.7711,34.8709,5.7,54,100,3.45,TR,1737489799
519,ivdel',60.6911,60.4206,-19.55,73,100,7.3,RU,1737489800
520,kamaishi,39.2667,141.8833,2.29,99,100,2.57,JP,1737489801
521,cam ranh,11.9214,109.1591,18.98,82,0,1.03,VN,1737489803
522,tieli,46.95,128.05,-15.65,97,93,1.05,CN,1737489804
523,bria,6.5423,21.9863,28.19,31,100,0.85,CF,1737489805
524,cabedelo,-6.9811,-34.8339,29.37,73,0,4.8,BR,1737489806
525,rawson,-43.3002,-65.1023,23.16,46,0,6.17,AR,1737489807
526,walvis bay,-22.9575,14.5053,18.49,83,68,1.76,NA,1737489809
527,kasongo-lunda,-6.4667,16.8167,22.6,90,90,0.38,CD,1737489810
528,tsetserleg,47.475,101.4542,-10.77,44,0,2.83,MN,1737489812
529,mount gambier,-37.8333,140.7667,15.43,74,100,4.42,AU,1737489811
530,eyl,7.9803,49.8164,22.79,81,5,8.36,SO,1737489814
531,tommot,58.9564,126.2925,-14.92,91,99,0.91,RU,1737489816
532,indianola,41.3581,-93.5574,-11.16,35,3,3.58,US,1737489818
533,taoudenni,22.6783,-3.9836,18.73,17,0,5.22,ML,1737489819
534,fort st. john,56.2499,-120.8529,-0.06,64,75,7.2,CA,1737489617
535,kapa'a,22.0752,-159.319,22.18,91,100,2.57,US,1737489822
536,malango,-2.9627,119.9001,19.83,99,100,0.72,ID,1737489823
537,ixtapa,20.7,-105.2,23.57,73,0,4.12,MX,1737489824
538,saddiqabad,28.3062,70.1307,15.78,35,0,2.38,PK,1737489825
539,masterton,-40.9597,175.6575,17.26,77,68,2.09,NZ,1737489826
540,lashio,22.9333,97.75,9.87,81,0,1.03,MM,1737489827
541,zambezi,-13.5432,23.1047,18.96,94,100,2.55,ZM,1737489829
542,lorengau,-2.0226,147.2712,27.39,79,52,2.77,PG,1737489830
543,motygino,58.1831,94.7592,-2.23,95,100,4.23,RU,1737489831
544,selebi-phikwe,-21.979,27.8498,21.66,47,60,4.38,BW,1737489832
545,enkoping,59.6361,17.0777,0.92,97,100,2.32,SE,1737489833
546,contamana,-7.3333,-75.0167,31.07,50,95,1.92,PE,1737489834
547,paphos,34.7667,32.4167,13.88,72,98,2.06,CY,1737489836
548,zaranj,30.9667,61.8833,9.92,64,72,10.04,AF,1737489837
549,zaysan,47.4667,84.8667,-6.48,88,100,1.69,KZ,1737489838
550,mahina,-17.5065,-149.489,28.87,70,0,2.06,PF,1737489839
551,mukalla,14.5425,49.1242,21.24,73,0,1.27,YE,1737489840
552,panaba,21.2833,-88.2667,28.71,56,99,4.36,MX,1737489841
553,ola,59.5833,151.2833,-27.37,91,14,2.61,RU,1737489843
554,sadjoavato,-12.6334,49.349,22.86,95,28,0.85,MG,1737489844
555,khovd,48.0056,91.6419,-14.09,78,91,1.68,MN,1737489845
556,akureyri,65.6835,-18.0878,-4.04,74,75,3.6,IS,1737489846
557,suntar,62.1444,117.6319,-8.57,94,99,2.96,RU,1737489847
558,chemille-melay,47.2148,-0.7249,4.6,93,84,3.77,FR,1737489849
559,trinidad,-14.8333,-64.9,28.99,74,75,1.03,BO,1737489850
560,inhambane,-23.865,35.3833,25.99,94,75,2.06,MZ,1737489851
561,dawei,14.0833,98.2,17.96,70,60,1.58,MM,1737489852
562,vernon,50.2581,-119.2691,-1.71,75,83,2.57,CA,1737489855
563,kostanay,53.1667,63.5833,-16.84,85,0,5.0,KZ,1737489856
564,fortuna,40.5982,-124.1573,13.32,57,0,3.6,US,1737489857
565,sumbawanga,-7.9667,31.6167,13.93,94,100,1.35,TZ,1737489858
566,eydhafushi,5.1033,73.0708,27.22,78,100,3.47,MV,1737489859
567,monrovia,6.3005,-10.7969,27.2,76,95,4.1,LR,1737489861
